gene_name,Gene,Chr,Start,End,mBAT_combo_EUR_N06A,mBAT_combo_EUR_N06AA,mBAT_combo_EUR_N06AB,SuSiEx,MDD_GWAS_Nearest_gene,MDD_GWAS_Fine_mapping,MDD_GWAS_Expression,MDD_GWAS_Protein,MDD_GWAS_fastBAT,MDD_GWAS_HMAGMA,MDD_GWAS_PsyOPS
ABHD1,ENSG00000143994,2,27346657,27353680,TRUE,FALSE,FALSE,FALSE,FALSE,FALSE,FALSE,FALSE,FALSE,FALSE,FALSE
ABHD16A,ENSG00000204427,6,31654732,31671133,TRUE,FALSE,FALSE,FALSE,FALSE,FALSE,FALSE,FALSE,FALSE,FALSE,FALSE
ABHD5,ENSG00000011198,3,43731600,43775863,TRUE,FALSE,FALSE,FALSE,FALSE,FALSE,FALSE,FALSE,FALSE,TRUE,FALSE
ABT1,ENSG00000146109,6,26597181,26600967,TRUE,FALSE,FALSE,FALSE,FALSE,FALSE,FALSE,FALSE,TRUE,TRUE,FALSE
ACTN1,ENSG00000072110,14,69340845,69446157,TRUE,FALSE,TRUE,FALSE,FALSE,FALSE,FALSE,FALSE,FALSE,FALSE,FALSE
AGBL5,ENSG00000084693,2,27265232,27293490,TRUE,FALSE,FALSE,FALSE,FALSE,FALSE,FALSE,FALSE,FALSE,FALSE,FALSE
AGPAT1,ENSG00000204310,6,32135989,32145873,TRUE,FALSE,FALSE,FALSE,FALSE,FALSE,FALSE,FALSE,FALSE,FALSE,FALSE
AIF1,ENSG00000204472,6,31582994,31584798,TRUE,FALSE,FALSE,FALSE,FALSE,FALSE,FALSE,FALSE,TRUE,TRUE,FALSE
AMIGO3,ENSG00000176020,3,49754262,49757117,TRUE,FALSE,FALSE,FALSE,FALSE,FALSE,FALSE,FALSE,TRUE,TRUE,FALSE
AMN,ENSG00000166126,14,103389000,103399933,TRUE,FALSE,FALSE,FALSE,FALSE,FALSE,FALSE,FALSE,TRUE,TRUE,FALSE
AMT,ENSG00000145020,3,49454211,49460118,TRUE,FALSE,FALSE,FALSE,FALSE,FALSE,FALSE,FALSE,TRUE,TRUE,FALSE
ANKK1,ENSG00000170209,11,113258501,113271138,TRUE,FALSE,FALSE,FALSE,FALSE,FALSE,FALSE,FALSE,TRUE,TRUE,FALSE
ANO10,ENSG00000160746,3,43396351,43733086,TRUE,FALSE,FALSE,FALSE,TRUE,TRUE,FALSE,FALSE,TRUE,TRUE,FALSE
APEH,ENSG00000164062,3,49711447,49721404,TRUE,FALSE,FALSE,FALSE,FALSE,FALSE,FALSE,FALSE,TRUE,TRUE,FALSE
APOM,ENSG00000204444,6,31620193,31625987,TRUE,FALSE,FALSE,FALSE,FALSE,FALSE,FALSE,FALSE,FALSE,FALSE,FALSE
ARHGEF25,ENSG00000240771,12,58003963,58011028,TRUE,FALSE,FALSE,FALSE,FALSE,FALSE,FALSE,FALSE,TRUE,FALSE,FALSE
ARIH2,ENSG00000177479,3,48956254,49023815,TRUE,FALSE,FALSE,FALSE,FALSE,FALSE,FALSE,FALSE,TRUE,TRUE,FALSE
ASTN2,ENSG00000148219,9,119185391,120177348,TRUE,FALSE,FALSE,FALSE,TRUE,TRUE,FALSE,FALSE,TRUE,TRUE,TRUE
ATL2,ENSG00000119787,2,38521096,38604427,TRUE,FALSE,FALSE,FALSE,FALSE,FALSE,FALSE,FALSE,FALSE,FALSE,FALSE
ATRIP,ENSG00000164053,3,48488114,48509044,TRUE,FALSE,FALSE,FALSE,FALSE,FALSE,FALSE,FALSE,TRUE,TRUE,FALSE
AVIL,ENSG00000135407,12,58191159,58212517,TRUE,FALSE,FALSE,FALSE,FALSE,FALSE,FALSE,FALSE,TRUE,FALSE,FALSE
BAG6,ENSG00000204463,6,31606805,31620482,TRUE,FALSE,FALSE,FALSE,FALSE,FALSE,FALSE,FALSE,TRUE,TRUE,FALSE
BPTF,ENSG00000171634,17,65821619,65980494,TRUE,FALSE,FALSE,FALSE,TRUE,TRUE,FALSE,FALSE,FALSE,TRUE,TRUE
BSN,ENSG00000164061,3,49591910,49708982,TRUE,FALSE,FALSE,FALSE,FALSE,FALSE,FALSE,FALSE,TRUE,TRUE,TRUE
BTN1A1,ENSG00000124557,6,26500531,26510653,TRUE,FALSE,FALSE,FALSE,FALSE,FALSE,FALSE,FALSE,TRUE,TRUE,FALSE
BTN2A1,ENSG00000112763,6,26458132,26476849,TRUE,FALSE,FALSE,FALSE,FALSE,FALSE,FALSE,FALSE,TRUE,TRUE,FALSE
BTN2A2,ENSG00000124508,6,26383324,26395102,TRUE,FALSE,FALSE,FALSE,FALSE,FALSE,FALSE,FALSE,TRUE,TRUE,FALSE
BTN3A1,ENSG00000026950,6,26402465,26415436,TRUE,FALSE,FALSE,FALSE,FALSE,FALSE,FALSE,FALSE,TRUE,TRUE,FALSE
BTN3A2,ENSG00000186470,6,26365387,26378548,TRUE,FALSE,FALSE,FALSE,FALSE,FALSE,FALSE,FALSE,TRUE,TRUE,FALSE
BTN3A3,ENSG00000111801,6,26440700,26453643,TRUE,FALSE,FALSE,FALSE,FALSE,FALSE,FALSE,FALSE,TRUE,TRUE,FALSE
C17orf58,ENSG00000186665,17,65987215,65992585,TRUE,FALSE,FALSE,FALSE,FALSE,FALSE,FALSE,FALSE,FALSE,TRUE,FALSE
C2,ENSG00000166278,6,31865562,31913450,TRUE,FALSE,FALSE,FALSE,FALSE,FALSE,FALSE,FALSE,FALSE,FALSE,FALSE
C3orf62,ENSG00000188315,3,49306029,49314665,TRUE,FALSE,FALSE,FALSE,FALSE,FALSE,FALSE,FALSE,TRUE,TRUE,FALSE
C3orf84,ENSG00000236980,3,49215067,49229291,TRUE,FALSE,FALSE,FALSE,FALSE,FALSE,FALSE,FALSE,TRUE,TRUE,FALSE
C4B,ENSG00000224389,6,31982572,32003195,TRUE,FALSE,FALSE,FALSE,FALSE,FALSE,FALSE,FALSE,FALSE,FALSE,FALSE
C6orf47,ENSG00000204439,6,31626075,31628555,TRUE,FALSE,FALSE,FALSE,FALSE,FALSE,FALSE,FALSE,FALSE,FALSE,FALSE
CA12,ENSG00000074410,15,63613577,63674045,TRUE,FALSE,FALSE,FALSE,FALSE,FALSE,FALSE,FALSE,FALSE,FALSE,FALSE
CAMKV,ENSG00000164076,3,49895421,49907368,TRUE,FALSE,FALSE,FALSE,FALSE,FALSE,FALSE,FALSE,TRUE,FALSE,FALSE
CATSPER1,ENSG00000175294,11,65784223,65793950,FALSE,TRUE,FALSE,FALSE,FALSE,FALSE,FALSE,FALSE,FALSE,FALSE,FALSE
CCDC51,ENSG00000164051,3,48473574,48481866,TRUE,FALSE,FALSE,FALSE,FALSE,FALSE,FALSE,FALSE,TRUE,TRUE,FALSE
CCDC71,ENSG00000177352,3,49199968,49203764,TRUE,FALSE,FALSE,FALSE,FALSE,FALSE,FALSE,FALSE,TRUE,TRUE,FALSE
CDH13,ENSG00000140945,16,82660570,83834245,TRUE,FALSE,TRUE,FALSE,TRUE,TRUE,FALSE,TRUE,TRUE,FALSE,TRUE
CDHR4,ENSG00000187492,3,49828165,49837306,TRUE,FALSE,FALSE,FALSE,FALSE,FALSE,FALSE,FALSE,TRUE,FALSE,FALSE
CELF4,ENSG00000101489,18,34823003,35145790,TRUE,FALSE,FALSE,FALSE,TRUE,FALSE,FALSE,FALSE,TRUE,TRUE,TRUE
CELSR3,ENSG00000008300,3,48673896,48700319,TRUE,FALSE,FALSE,FALSE,FALSE,FALSE,FALSE,FALSE,TRUE,TRUE,FALSE
CGREF1,ENSG00000138028,2,27321757,27341996,TRUE,FALSE,FALSE,FALSE,FALSE,FALSE,FALSE,FALSE,FALSE,FALSE,FALSE
CLIC1,ENSG00000213719,6,31698358,31707540,TRUE,FALSE,FALSE,FALSE,FALSE,FALSE,FALSE,FALSE,FALSE,TRUE,FALSE
CLVS2,ENSG00000146352,6,123317380,123394070,TRUE,FALSE,FALSE,FALSE,FALSE,FALSE,FALSE,FALSE,FALSE,FALSE,FALSE
CNTNAP5,ENSG00000155052,2,124782864,125678796,TRUE,FALSE,FALSE,FALSE,TRUE,TRUE,FALSE,FALSE,TRUE,FALSE,TRUE
COL7A1,ENSG00000114270,3,48601506,48632762,TRUE,FALSE,FALSE,FALSE,FALSE,FALSE,FALSE,FALSE,TRUE,TRUE,FALSE
CPNE4,ENSG00000196353,3,131252399,132004254,TRUE,FALSE,FALSE,FALSE,FALSE,FALSE,FALSE,FALSE,FALSE,FALSE,FALSE
CSNK2B,ENSG00000204435,6,31633004,31638120,TRUE,FALSE,FALSE,FALSE,FALSE,FALSE,FALSE,FALSE,FALSE,FALSE,FALSE
CTDSP2,ENSG00000175215,12,58213710,58240512,TRUE,FALSE,FALSE,FALSE,FALSE,FALSE,FALSE,FALSE,TRUE,TRUE,FALSE
CTNND1,ENSG00000198561,11,57520715,57587018,TRUE,FALSE,FALSE,FALSE,FALSE,FALSE,FALSE,FALSE,TRUE,TRUE,FALSE
CYP27B1,ENSG00000111012,12,58156117,58162769,TRUE,FALSE,FALSE,FALSE,FALSE,FALSE,FALSE,FALSE,TRUE,FALSE,FALSE
DAG1,ENSG00000173402,3,49506136,49573051,TRUE,FALSE,FALSE,FALSE,FALSE,FALSE,FALSE,FALSE,TRUE,TRUE,FALSE
DALRD3,ENSG00000178149,3,49052921,49059726,TRUE,FALSE,FALSE,FALSE,FALSE,FALSE,FALSE,FALSE,TRUE,TRUE,FALSE
DCAF5,ENSG00000139990,14,69517598,69619867,TRUE,FALSE,TRUE,FALSE,FALSE,FALSE,TRUE,FALSE,TRUE,FALSE,TRUE
DCC,ENSG00000187323,18,49866567,51062273,TRUE,FALSE,FALSE,FALSE,TRUE,TRUE,TRUE,FALSE,TRUE,TRUE,TRUE
DCTN2,ENSG00000175203,12,57923416,57941007,TRUE,FALSE,FALSE,FALSE,FALSE,FALSE,FALSE,FALSE,TRUE,FALSE,FALSE
DDAH2,ENSG00000213722,6,31694815,31698394,TRUE,FALSE,FALSE,FALSE,FALSE,FALSE,FALSE,FALSE,FALSE,FALSE,FALSE
DRD2,ENSG00000149295,11,113280327,113346413,TRUE,FALSE,FALSE,FALSE,TRUE,FALSE,FALSE,FALSE,TRUE,TRUE,FALSE
DTX3,ENSG00000178498,12,57998405,58003587,TRUE,FALSE,FALSE,FALSE,FALSE,FALSE,FALSE,FALSE,TRUE,FALSE,FALSE
EEF1AKMT3,ENSG00000123427,12,58165275,58176324,TRUE,FALSE,FALSE,FALSE,FALSE,FALSE,FALSE,FALSE,TRUE,TRUE,FALSE
EGFL8,ENSG00000241404,6,32132372,32136058,TRUE,FALSE,FALSE,FALSE,FALSE,FALSE,FALSE,FALSE,FALSE,FALSE,FALSE
EHMT2,ENSG00000204371,6,31847536,31865464,TRUE,FALSE,FALSE,FALSE,FALSE,FALSE,FALSE,FALSE,FALSE,FALSE,FALSE
ELAVL2,ENSG00000107105,9,23690102,23826335,TRUE,FALSE,FALSE,FALSE,TRUE,TRUE,FALSE,FALSE,TRUE,TRUE,TRUE
EMILIN1,ENSG00000138080,2,27301483,27309271,TRUE,FALSE,FALSE,FALSE,FALSE,FALSE,FALSE,FALSE,FALSE,FALSE,FALSE
ENSG00000204422,ENSG00000204422,6,31654739,31681849,TRUE,FALSE,FALSE,FALSE,FALSE,FALSE,FALSE,FALSE,FALSE,FALSE,FALSE
ENSG00000244255,ENSG00000244255,6,31895475,31919825,TRUE,FALSE,FALSE,FALSE,FALSE,FALSE,FALSE,FALSE,FALSE,FALSE,FALSE
ENSG00000250264,ENSG00000250264,6,32781544,32806599,TRUE,FALSE,FALSE,FALSE,FALSE,FALSE,FALSE,FALSE,FALSE,FALSE,FALSE
ENSG00000254732,ENSG00000254732,11,57509251,57572243,TRUE,FALSE,FALSE,FALSE,FALSE,FALSE,FALSE,FALSE,FALSE,FALSE,FALSE
ENSG00000257921,ENSG00000257921,12,58166443,58191337,TRUE,FALSE,FALSE,FALSE,FALSE,FALSE,FALSE,FALSE,FALSE,FALSE,FALSE
ENSG00000263020,ENSG00000263020,6,31633879,31641323,TRUE,FALSE,FALSE,FALSE,FALSE,FALSE,FALSE,FALSE,FALSE,FALSE,FALSE
ENSG00000283189,ENSG00000283189,3,49454210,49466747,TRUE,FALSE,FALSE,FALSE,FALSE,FALSE,FALSE,FALSE,FALSE,FALSE,FALSE
ENSG00000283563,ENSG00000283563,3,28390669,29809028,TRUE,FALSE,FALSE,FALSE,FALSE,FALSE,FALSE,FALSE,FALSE,FALSE,FALSE
ENSG00000285082,ENSG00000285082,9,120466435,120834592,TRUE,FALSE,FALSE,FALSE,FALSE,FALSE,FALSE,FALSE,FALSE,FALSE,FALSE
ENSG00000285085,ENSG00000285085,6,32118272,32122150,TRUE,FALSE,FALSE,FALSE,FALSE,FALSE,FALSE,FALSE,FALSE,FALSE,FALSE
ENSG00000285708,ENSG00000285708,3,71008377,71803380,TRUE,FALSE,FALSE,FALSE,FALSE,FALSE,FALSE,FALSE,FALSE,FALSE,FALSE
ENSG00000286192,ENSG00000286192,7,1855440,2281850,TRUE,FALSE,FALSE,FALSE,FALSE,FALSE,FALSE,FALSE,FALSE,FALSE,FALSE
ENSG00000289282,ENSG00000289282,6,31591651,31593276,TRUE,FALSE,FALSE,FALSE,FALSE,FALSE,FALSE,FALSE,FALSE,FALSE,FALSE
ESR1,ENSG00000091831,6,151977826,152450754,TRUE,FALSE,FALSE,FALSE,TRUE,TRUE,FALSE,FALSE,TRUE,TRUE,TRUE
EXD2,ENSG00000081177,14,69658215,69710737,TRUE,FALSE,TRUE,FALSE,FALSE,FALSE,FALSE,FALSE,FALSE,FALSE,FALSE
FBXL22,ENSG00000197361,15,63889552,63894627,TRUE,FALSE,FALSE,FALSE,FALSE,FALSE,FALSE,FALSE,TRUE,FALSE,FALSE
GABBR2,ENSG00000136928,9,101050391,101471217,TRUE,FALSE,FALSE,FALSE,FALSE,FALSE,FALSE,FALSE,FALSE,FALSE,TRUE
GAL3ST3,ENSG00000175229,11,65808236,65816632,FALSE,TRUE,FALSE,FALSE,FALSE,FALSE,FALSE,FALSE,FALSE,FALSE,FALSE
GALNT16,ENSG00000100626,14,69725994,69823750,TRUE,FALSE,TRUE,FALSE,FALSE,FALSE,FALSE,FALSE,FALSE,FALSE,FALSE
GMPPB,ENSG00000173540,3,49754277,49761406,TRUE,FALSE,FALSE,FALSE,FALSE,FALSE,FALSE,FALSE,TRUE,TRUE,FALSE
GNAI2,ENSG00000114353,3,50263724,50296794,TRUE,FALSE,TRUE,FALSE,FALSE,FALSE,FALSE,FALSE,TRUE,FALSE,FALSE
GNAT1,ENSG00000114349,3,50229043,50235129,TRUE,FALSE,FALSE,FALSE,FALSE,FALSE,FALSE,FALSE,TRUE,FALSE,FALSE
GOLGA8B,ENSG00000215252,15,34817296,34880704,FALSE,TRUE,FALSE,FALSE,FALSE,FALSE,FALSE,FALSE,FALSE,FALSE,FALSE
GPANK1,ENSG00000204438,6,31629005,31634060,TRUE,FALSE,FALSE,FALSE,FALSE,FALSE,FALSE,FALSE,FALSE,FALSE,FALSE
GPC6,ENSG00000183098,13,93879060,95060274,TRUE,FALSE,FALSE,FALSE,TRUE,TRUE,FALSE,FALSE,TRUE,FALSE,TRUE
GPR52,ENSG00000203737,1,174417102,174418683,TRUE,FALSE,FALSE,FALSE,FALSE,FALSE,FALSE,FALSE,FALSE,FALSE,FALSE
GTF2IRD1,ENSG00000006704,7,73868120,74016931,TRUE,FALSE,FALSE,FALSE,TRUE,TRUE,FALSE,FALSE,TRUE,TRUE,FALSE
H1-2,ENSG00000187837,6,26055968,26056698,TRUE,FALSE,FALSE,FALSE,FALSE,FALSE,FALSE,FALSE,TRUE,FALSE,FALSE
H1-5,ENSG00000184357,6,27834570,27835366,TRUE,FALSE,FALSE,FALSE,FALSE,FALSE,FALSE,FALSE,TRUE,TRUE,FALSE
H2AC11,ENSG00000196787,6,27100822,27101314,TRUE,FALSE,FALSE,FALSE,FALSE,FALSE,FALSE,FALSE,TRUE,FALSE,FALSE
H2AC13,ENSG00000196747,6,27775951,27776445,TRUE,FALSE,FALSE,FALSE,FALSE,FALSE,FALSE,FALSE,TRUE,TRUE,FALSE
H2AC14,ENSG00000276368,6,27782080,27782555,TRUE,FALSE,FALSE,FALSE,FALSE,FALSE,FALSE,FALSE,TRUE,TRUE,FALSE
H2AC15,ENSG00000275221,6,27805658,27806153,TRUE,FALSE,FALSE,FALSE,FALSE,FALSE,FALSE,FALSE,TRUE,TRUE,FALSE
H2AC16,ENSG00000276903,6,27833095,27833576,TRUE,FALSE,FALSE,FALSE,FALSE,FALSE,FALSE,FALSE,TRUE,TRUE,FALSE
H2AC17,ENSG00000278677,6,27860477,27860963,TRUE,FALSE,FALSE,FALSE,FALSE,FALSE,FALSE,FALSE,TRUE,TRUE,FALSE
H2BC11,ENSG00000124635,6,27093676,27100574,TRUE,FALSE,FALSE,FALSE,FALSE,FALSE,FALSE,FALSE,TRUE,TRUE,FALSE
H2BC13,ENSG00000185130,6,27775257,27775707,TRUE,FALSE,FALSE,FALSE,FALSE,FALSE,FALSE,FALSE,TRUE,TRUE,FALSE
H2BC14,ENSG00000273703,6,27782800,27783267,TRUE,FALSE,FALSE,FALSE,FALSE,FALSE,FALSE,FALSE,TRUE,FALSE,FALSE
H2BC15,ENSG00000233822,6,27806323,27823487,TRUE,FALSE,FALSE,FALSE,FALSE,FALSE,FALSE,FALSE,TRUE,TRUE,FALSE
H2BC17,ENSG00000274641,6,27861203,27861669,TRUE,FALSE,FALSE,FALSE,FALSE,FALSE,FALSE,FALSE,TRUE,FALSE,FALSE
H3C10,ENSG00000278828,6,27777829,27779078,TRUE,FALSE,FALSE,FALSE,FALSE,FALSE,FALSE,FALSE,TRUE,FALSE,FALSE
H3C11,ENSG00000275379,6,27839623,27840124,TRUE,FALSE,FALSE,FALSE,FALSE,FALSE,FALSE,FALSE,TRUE,TRUE,FALSE
H3C12,ENSG00000197153,6,27858093,27860884,TRUE,FALSE,FALSE,FALSE,FALSE,FALSE,FALSE,FALSE,TRUE,TRUE,FALSE
H4C11,ENSG00000197238,6,27791870,27792258,TRUE,FALSE,FALSE,FALSE,FALSE,FALSE,FALSE,FALSE,TRUE,TRUE,FALSE
H4C12,ENSG00000273542,6,27798952,27799338,TRUE,FALSE,FALSE,FALSE,FALSE,FALSE,FALSE,FALSE,TRUE,FALSE,FALSE
H4C13,ENSG00000275126,6,27840926,27841312,TRUE,FALSE,FALSE,FALSE,FALSE,FALSE,FALSE,FALSE,TRUE,TRUE,FALSE
HERC1,ENSG00000103657,15,63900817,64126147,TRUE,FALSE,FALSE,FALSE,TRUE,FALSE,FALSE,FALSE,TRUE,TRUE,TRUE
HLA-DMB,ENSG00000242574,6,32902406,32908805,TRUE,FALSE,FALSE,FALSE,FALSE,FALSE,FALSE,FALSE,FALSE,FALSE,FALSE
HLA-DOB,ENSG00000241106,6,32780540,32788243,TRUE,FALSE,FALSE,FALSE,FALSE,FALSE,FALSE,FALSE,FALSE,FALSE,FALSE
HLA-DQA1,ENSG00000196735,6,32595956,32614839,TRUE,FALSE,FALSE,FALSE,FALSE,FALSE,FALSE,FALSE,FALSE,FALSE,FALSE
HLA-DQA2,ENSG00000237541,6,32709168,32714975,TRUE,FALSE,FALSE,FALSE,FALSE,FALSE,FALSE,FALSE,FALSE,FALSE,FALSE
HLA-DQB1,ENSG00000179344,6,32627244,32636160,TRUE,FALSE,FALSE,FALSE,FALSE,FALSE,FALSE,FALSE,FALSE,FALSE,FALSE
HLA-DQB2,ENSG00000232629,6,32723875,32731309,TRUE,FALSE,FALSE,FALSE,FALSE,FALSE,FALSE,FALSE,FALSE,FALSE,FALSE
HLA-DRB1,ENSG00000196126,6,32545679,32557625,TRUE,FALSE,FALSE,FALSE,FALSE,FALSE,FALSE,FALSE,FALSE,FALSE,FALSE
HMGN4,ENSG00000182952,6,26538594,26547161,TRUE,FALSE,FALSE,FALSE,FALSE,FALSE,FALSE,FALSE,TRUE,TRUE,FALSE
HSPA1A,ENSG00000204389,6,31783320,31785723,TRUE,FALSE,FALSE,FALSE,FALSE,FALSE,FALSE,FALSE,FALSE,FALSE,FALSE
HSPA1B,ENSG00000204388,6,31795515,31798031,TRUE,FALSE,FALSE,FALSE,FALSE,FALSE,FALSE,FALSE,FALSE,FALSE,FALSE
HSPA1L,ENSG00000204390,6,31777396,31783060,TRUE,FALSE,FALSE,FALSE,FALSE,FALSE,FALSE,FALSE,FALSE,FALSE,FALSE
IHO1,ENSG00000173421,3,49235861,49295539,TRUE,FALSE,FALSE,FALSE,FALSE,FALSE,FALSE,FALSE,TRUE,TRUE,FALSE
IMPDH2,ENSG00000178035,3,49061758,49066880,TRUE,FALSE,FALSE,FALSE,FALSE,FALSE,FALSE,FALSE,TRUE,TRUE,FALSE
INKA1,ENSG00000185614,3,49840694,49842463,TRUE,FALSE,FALSE,FALSE,FALSE,FALSE,FALSE,FALSE,TRUE,FALSE,FALSE
IP6K1,ENSG00000176095,3,49761727,49823975,TRUE,FALSE,FALSE,FALSE,FALSE,FALSE,FALSE,FALSE,TRUE,TRUE,FALSE
IP6K2,ENSG00000068745,3,48725436,48777786,TRUE,FALSE,FALSE,FALSE,FALSE,FALSE,FALSE,FALSE,TRUE,TRUE,FALSE
KCNG2,ENSG00000178342,18,77557938,77660184,TRUE,FALSE,FALSE,FALSE,FALSE,FALSE,FALSE,FALSE,FALSE,FALSE,TRUE
KHK,ENSG00000138030,2,27309615,27323630,TRUE,FALSE,FALSE,FALSE,FALSE,FALSE,FALSE,FALSE,FALSE,FALSE,FALSE
KIAA1143,ENSG00000163807,3,44779153,44803111,TRUE,FALSE,FALSE,FALSE,FALSE,FALSE,FALSE,FALSE,TRUE,TRUE,FALSE
KIF15,ENSG00000163808,3,44803213,44914868,TRUE,FALSE,FALSE,FALSE,FALSE,FALSE,FALSE,FALSE,TRUE,TRUE,FALSE
KIF5A,ENSG00000155980,12,57939809,57980416,TRUE,FALSE,FALSE,FALSE,TRUE,FALSE,FALSE,FALSE,TRUE,TRUE,TRUE
KLHDC8B,ENSG00000185909,3,49209031,49213919,TRUE,FALSE,FALSE,FALSE,TRUE,FALSE,FALSE,FALSE,TRUE,TRUE,FALSE
KPNA2,ENSG00000182481,17,66031752,66043480,TRUE,FALSE,FALSE,FALSE,FALSE,FALSE,FALSE,FALSE,FALSE,TRUE,FALSE
LAMB2,ENSG00000172037,3,49158547,49170551,TRUE,FALSE,FALSE,FALSE,FALSE,FALSE,FALSE,FALSE,TRUE,TRUE,FALSE
LRRC75B,ENSG00000178026,22,24981588,24989175,FALSE,TRUE,FALSE,FALSE,FALSE,FALSE,FALSE,FALSE,FALSE,FALSE,FALSE
LSM2,ENSG00000204392,6,31765173,31774743,TRUE,FALSE,FALSE,FALSE,FALSE,FALSE,FALSE,FALSE,FALSE,FALSE,FALSE
LSMEM2,ENSG00000179564,3,50316518,50325545,FALSE,FALSE,TRUE,FALSE,FALSE,FALSE,FALSE,FALSE,TRUE,FALSE,FALSE
LST1,ENSG00000204482,6,31553901,31556686,TRUE,FALSE,FALSE,FALSE,FALSE,FALSE,FALSE,FALSE,TRUE,FALSE,FALSE
LTA,ENSG00000226979,6,31539831,31542101,TRUE,FALSE,FALSE,FALSE,FALSE,FALSE,FALSE,FALSE,TRUE,FALSE,FALSE
LTB,ENSG00000227507,6,31548302,31550299,TRUE,FALSE,FALSE,FALSE,FALSE,FALSE,FALSE,FALSE,TRUE,FALSE,FALSE
LY6G5B,ENSG00000240053,6,31637944,31641553,TRUE,FALSE,FALSE,FALSE,FALSE,FALSE,FALSE,FALSE,FALSE,FALSE,FALSE
LY6G5C,ENSG00000204428,6,31644461,31651817,TRUE,FALSE,FALSE,FALSE,FALSE,FALSE,FALSE,FALSE,FALSE,FALSE,FALSE
LY6G6C,ENSG00000204421,6,31686425,31689523,TRUE,FALSE,FALSE,FALSE,FALSE,FALSE,FALSE,FALSE,FALSE,FALSE,FALSE
LY6G6D,ENSG00000244355,6,31683125,31685696,TRUE,FALSE,FALSE,FALSE,FALSE,FALSE,FALSE,FALSE,FALSE,FALSE,FALSE
LY6G6E,ENSG00000255552,6,31679548,31681842,TRUE,FALSE,FALSE,FALSE,FALSE,FALSE,FALSE,FALSE,FALSE,FALSE,FALSE
LY6G6F,ENSG00000204424,6,31674643,31678456,TRUE,FALSE,FALSE,FALSE,FALSE,FALSE,FALSE,FALSE,FALSE,FALSE,FALSE
LY6G6F-LY6G6D,ENSG00000250641,6,31674681,31685695,TRUE,FALSE,FALSE,FALSE,FALSE,FALSE,FALSE,FALSE,FALSE,FALSE,FALSE
MAD1L1,ENSG00000002822,7,1855429,2272878,TRUE,FALSE,FALSE,FALSE,TRUE,TRUE,FALSE,FALSE,TRUE,TRUE,FALSE
MAML3,ENSG00000196782,4,140637907,141075338,TRUE,FALSE,FALSE,FALSE,TRUE,TRUE,FALSE,FALSE,TRUE,TRUE,TRUE
MEGF11,ENSG00000157890,15,66187417,66546094,TRUE,FALSE,FALSE,FALSE,TRUE,TRUE,FALSE,FALSE,TRUE,TRUE,FALSE
MERTK,ENSG00000153208,2,112656184,112787138,TRUE,FALSE,FALSE,FALSE,FALSE,FALSE,FALSE,FALSE,FALSE,FALSE,FALSE
METTL1,ENSG00000037897,12,58162254,58165902,TRUE,FALSE,FALSE,FALSE,FALSE,FALSE,FALSE,FALSE,TRUE,TRUE,FALSE
MLF1,ENSG00000178053,3,158288952,158325041,FALSE,FALSE,TRUE,FALSE,FALSE,FALSE,FALSE,FALSE,TRUE,FALSE,FALSE
MMAB,ENSG00000139428,12,109991520,110011385,TRUE,FALSE,FALSE,FALSE,FALSE,FALSE,FALSE,FALSE,TRUE,TRUE,FALSE
MPIG6B,ENSG00000204420,6,31686371,31694491,TRUE,FALSE,FALSE,FALSE,FALSE,FALSE,FALSE,FALSE,FALSE,FALSE,FALSE
MSH5,ENSG00000204410,6,31707454,31730453,TRUE,FALSE,FALSE,FALSE,FALSE,FALSE,FALSE,FALSE,FALSE,TRUE,FALSE
MSH5-SAPCD1,ENSG00000255152,6,31707797,31732628,TRUE,FALSE,FALSE,FALSE,FALSE,FALSE,FALSE,FALSE,FALSE,TRUE,FALSE
MST1,ENSG00000173531,3,49721380,49726934,TRUE,FALSE,FALSE,FALSE,FALSE,FALSE,FALSE,FALSE,TRUE,TRUE,FALSE
MST1R,ENSG00000164078,3,49924435,49941306,TRUE,FALSE,FALSE,FALSE,FALSE,FALSE,FALSE,FALSE,TRUE,FALSE,FALSE
MVK,ENSG00000110921,12,110011060,110035930,TRUE,FALSE,FALSE,FALSE,FALSE,FALSE,FALSE,FALSE,TRUE,TRUE,FALSE
MYT1,ENSG00000196132,20,62733747,62873606,TRUE,FALSE,FALSE,FALSE,TRUE,TRUE,FALSE,FALSE,TRUE,TRUE,FALSE
NCAM1,ENSG00000149294,11,112831969,113149158,TRUE,TRUE,FALSE,FALSE,TRUE,FALSE,FALSE,FALSE,TRUE,FALSE,TRUE
NCKIPSD,ENSG00000213672,3,48711277,48723797,TRUE,FALSE,FALSE,FALSE,FALSE,FALSE,FALSE,FALSE,TRUE,TRUE,FALSE
NCR3,ENSG00000204475,6,31556672,31560783,TRUE,FALSE,FALSE,FALSE,FALSE,FALSE,FALSE,FALSE,TRUE,FALSE,FALSE
NDUFAF3,ENSG00000178057,3,49057892,49060928,TRUE,FALSE,FALSE,FALSE,FALSE,FALSE,FALSE,FALSE,TRUE,TRUE,FALSE
NEU1,ENSG00000204386,6,31825436,31830682,TRUE,FALSE,FALSE,FALSE,FALSE,FALSE,FALSE,FALSE,FALSE,FALSE,FALSE
NICN1,ENSG00000145029,3,49459766,49466759,TRUE,FALSE,FALSE,FALSE,FALSE,FALSE,FALSE,FALSE,TRUE,TRUE,FALSE
NOL11,ENSG00000130935,17,65714047,65740647,TRUE,FALSE,FALSE,FALSE,FALSE,FALSE,FALSE,FALSE,FALSE,FALSE,FALSE
NOTCH4,ENSG00000204301,6,32162620,32191844,TRUE,FALSE,FALSE,FALSE,FALSE,FALSE,FALSE,FALSE,FALSE,TRUE,FALSE
OLFM4,ENSG00000102837,13,53602948,53626192,TRUE,FALSE,FALSE,FALSE,FALSE,FALSE,FALSE,FALSE,TRUE,FALSE,FALSE
OPCML,ENSG00000183715,11,132284871,133402396,TRUE,FALSE,FALSE,FALSE,FALSE,TRUE,FALSE,FALSE,TRUE,TRUE,FALSE
OR13C2,ENSG00000276119,9,107366952,107367908,TRUE,FALSE,FALSE,FALSE,FALSE,FALSE,FALSE,FALSE,FALSE,FALSE,FALSE
OR13C5,ENSG00000277556,9,107360738,107361694,TRUE,FALSE,FALSE,FALSE,FALSE,FALSE,FALSE,FALSE,FALSE,FALSE,FALSE
OR13C8,ENSG00000186943,9,107331449,107332411,TRUE,FALSE,FALSE,FALSE,FALSE,FALSE,FALSE,FALSE,FALSE,FALSE,FALSE
OR13C9,ENSG00000136839,9,107379529,107380485,TRUE,FALSE,FALSE,FALSE,FALSE,FALSE,FALSE,FALSE,FALSE,FALSE,FALSE
OR2B2,ENSG00000168131,6,27878963,27880174,TRUE,FALSE,FALSE,FALSE,FALSE,FALSE,FALSE,FALSE,TRUE,TRUE,FALSE
OST4,ENSG00000228474,2,27293340,27294522,TRUE,FALSE,FALSE,FALSE,FALSE,FALSE,FALSE,FALSE,FALSE,FALSE,FALSE
P4HTM,ENSG00000178467,3,49027322,49044586,TRUE,FALSE,FALSE,FALSE,FALSE,FALSE,FALSE,FALSE,TRUE,TRUE,FALSE
PACS1,ENSG00000175115,11,65837743,66012215,FALSE,TRUE,FALSE,FALSE,FALSE,FALSE,FALSE,FALSE,FALSE,FALSE,FALSE
PAX5,ENSG00000196092,9,36833266,37034265,TRUE,FALSE,FALSE,FALSE,TRUE,TRUE,FALSE,FALSE,TRUE,TRUE,TRUE
PDE4B,ENSG00000184588,1,66258197,66840262,TRUE,FALSE,FALSE,FALSE,TRUE,TRUE,FALSE,FALSE,TRUE,TRUE,FALSE
PFKFB4,ENSG00000114268,3,48555117,48599448,TRUE,FALSE,FALSE,FALSE,FALSE,FALSE,FALSE,FALSE,TRUE,TRUE,FALSE
PLCL2,ENSG00000154822,3,16844159,17132096,TRUE,FALSE,FALSE,TRUE,TRUE,TRUE,FALSE,FALSE,TRUE,FALSE,TRUE
PPM1G,ENSG00000115241,2,27604062,27632458,TRUE,FALSE,FALSE,FALSE,FALSE,FALSE,FALSE,FALSE,FALSE,FALSE,FALSE
PPT2,ENSG00000221988,6,32121218,32131455,TRUE,FALSE,FALSE,FALSE,FALSE,FALSE,FALSE,FALSE,FALSE,FALSE,FALSE
PPT2-EGFL8,ENSG00000258388,6,32121622,32139755,TRUE,FALSE,FALSE,FALSE,FALSE,FALSE,FALSE,FALSE,FALSE,FALSE,FALSE
PREB,ENSG00000138073,2,27353624,27357534,TRUE,FALSE,FALSE,FALSE,FALSE,FALSE,FALSE,FALSE,FALSE,FALSE,FALSE
PRKAR2A,ENSG00000114302,3,48782030,48885307,TRUE,FALSE,FALSE,FALSE,FALSE,FALSE,FALSE,FALSE,TRUE,TRUE,FALSE
PRR30,ENSG00000186143,2,27359716,27362278,TRUE,FALSE,FALSE,FALSE,FALSE,FALSE,FALSE,FALSE,FALSE,FALSE,FALSE
PRRC2A,ENSG00000204469,6,31588492,31605548,TRUE,FALSE,FALSE,FALSE,FALSE,FALSE,FALSE,FALSE,TRUE,TRUE,FALSE
PRRT1,ENSG00000204314,6,32116136,32120860,TRUE,FALSE,FALSE,FALSE,FALSE,FALSE,FALSE,FALSE,FALSE,FALSE,FALSE
PSMB8,ENSG00000204264,6,32808494,32812456,TRUE,FALSE,FALSE,FALSE,FALSE,FALSE,FALSE,FALSE,FALSE,FALSE,FALSE
PSMB9,ENSG00000240065,6,32811913,32827628,TRUE,FALSE,FALSE,FALSE,FALSE,FALSE,FALSE,FALSE,FALSE,FALSE,FALSE
QARS1,ENSG00000172053,3,49133365,49142563,TRUE,FALSE,FALSE,FALSE,FALSE,FALSE,FALSE,FALSE,TRUE,TRUE,FALSE
QRICH1,ENSG00000198218,3,49067140,49131796,TRUE,FALSE,FALSE,FALSE,FALSE,FALSE,FALSE,FALSE,TRUE,TRUE,FALSE
RAB27B,ENSG00000041353,18,52385091,52562747,TRUE,FALSE,FALSE,FALSE,TRUE,FALSE,TRUE,FALSE,TRUE,TRUE,FALSE
RADIL,ENSG00000157927,7,4836686,4923347,TRUE,FALSE,FALSE,FALSE,FALSE,FALSE,FALSE,FALSE,FALSE,FALSE,FALSE
RBMS3,ENSG00000144642,3,28616282,30051882,TRUE,FALSE,FALSE,FALSE,FALSE,FALSE,FALSE,FALSE,TRUE,FALSE,FALSE
RNF123,ENSG00000164068,3,49726971,49758962,TRUE,FALSE,FALSE,FALSE,FALSE,FALSE,FALSE,FALSE,TRUE,TRUE,FALSE
RNF5,ENSG00000204308,6,32146182,32148570,TRUE,FALSE,FALSE,FALSE,FALSE,FALSE,FALSE,FALSE,FALSE,FALSE,FALSE
RSRC1,ENSG00000174891,3,157823644,158263519,FALSE,FALSE,TRUE,FALSE,TRUE,TRUE,FALSE,FALSE,TRUE,TRUE,FALSE
SAPCD1,ENSG00000228727,6,31730773,31732628,TRUE,FALSE,FALSE,FALSE,FALSE,FALSE,FALSE,FALSE,FALSE,FALSE,FALSE
SEMA3B,ENSG00000012171,3,50304990,50314977,TRUE,FALSE,TRUE,FALSE,FALSE,FALSE,FALSE,FALSE,TRUE,FALSE,FALSE
SEMA3F,ENSG00000001617,3,50192478,50226508,FALSE,FALSE,TRUE,FALSE,FALSE,FALSE,FALSE,FALSE,TRUE,FALSE,FALSE
SF3B2,ENSG00000087365,11,65818200,65836779,FALSE,TRUE,FALSE,FALSE,FALSE,FALSE,FALSE,FALSE,FALSE,FALSE,FALSE
SGCZ,ENSG00000185053,8,13942354,15095940,TRUE,FALSE,FALSE,FALSE,TRUE,TRUE,FALSE,FALSE,TRUE,FALSE,TRUE
SHISA5,ENSG00000164054,3,48509197,48542259,TRUE,FALSE,FALSE,FALSE,FALSE,FALSE,FALSE,FALSE,TRUE,TRUE,FALSE
SLC25A20,ENSG00000178537,3,48894359,48936337,TRUE,FALSE,FALSE,FALSE,FALSE,FALSE,FALSE,FALSE,TRUE,TRUE,FALSE
SLC26A6,ENSG00000225697,3,48663156,48672926,TRUE,FALSE,FALSE,FALSE,FALSE,FALSE,FALSE,FALSE,TRUE,TRUE,FALSE
SLC38A3,ENSG00000188338,3,50242679,50258918,TRUE,TRUE,TRUE,FALSE,FALSE,FALSE,FALSE,FALSE,TRUE,FALSE,FALSE
SLC44A4,ENSG00000204385,6,31830969,31846823,TRUE,FALSE,FALSE,FALSE,FALSE,FALSE,FALSE,FALSE,FALSE,FALSE,FALSE
SLC5A6,ENSG00000138074,2,27422455,27435826,TRUE,FALSE,FALSE,FALSE,FALSE,FALSE,FALSE,FALSE,FALSE,FALSE,FALSE
SLIT2,ENSG00000145147,4,20253528,20622184,TRUE,FALSE,FALSE,FALSE,FALSE,FALSE,FALSE,FALSE,TRUE,FALSE,FALSE
SNRK,ENSG00000163788,3,43328004,43466256,TRUE,FALSE,FALSE,FALSE,FALSE,FALSE,FALSE,FALSE,TRUE,TRUE,TRUE
SNX17,ENSG00000115234,2,27593363,27600402,TRUE,FALSE,FALSE,FALSE,FALSE,FALSE,FALSE,FALSE,FALSE,FALSE,FALSE
SORCS3,ENSG00000156395,10,106401048,107025000,TRUE,FALSE,FALSE,FALSE,TRUE,TRUE,TRUE,FALSE,TRUE,TRUE,TRUE
TAOK1,ENSG00000160551,17,27717381,27878921,TRUE,FALSE,FALSE,FALSE,FALSE,FALSE,FALSE,FALSE,FALSE,FALSE,TRUE
TAP1,ENSG00000168394,6,32812986,32821593,TRUE,FALSE,FALSE,FALSE,FALSE,FALSE,FALSE,FALSE,FALSE,FALSE,FALSE
TAP2,ENSG00000204267,6,32789610,32806516,TRUE,FALSE,FALSE,FALSE,FALSE,FALSE,FALSE,FALSE,FALSE,FALSE,FALSE
TCAIM,ENSG00000179152,3,44379611,44450943,TRUE,FALSE,FALSE,FALSE,FALSE,FALSE,FALSE,FALSE,TRUE,TRUE,FALSE
TCF23,ENSG00000163792,2,27371872,27379842,TRUE,FALSE,FALSE,FALSE,FALSE,FALSE,FALSE,FALSE,FALSE,FALSE,FALSE
TCF4,ENSG00000196628,18,52889416,53332018,TRUE,FALSE,TRUE,FALSE,TRUE,TRUE,FALSE,FALSE,TRUE,TRUE,TRUE
TCTA,ENSG00000145022,3,49449645,49453909,TRUE,FALSE,FALSE,FALSE,FALSE,FALSE,FALSE,FALSE,TRUE,TRUE,FALSE
TENM2,ENSG00000145934,5,166406034,167691162,TRUE,FALSE,FALSE,FALSE,TRUE,TRUE,FALSE,FALSE,TRUE,TRUE,TRUE
TGM4,ENSG00000163810,3,44916100,44956482,TRUE,FALSE,FALSE,FALSE,FALSE,FALSE,FALSE,FALSE,TRUE,TRUE,FALSE
TLR4,ENSG00000136869,9,120466453,120487013,TRUE,FALSE,FALSE,FALSE,FALSE,FALSE,FALSE,FALSE,TRUE,FALSE,FALSE
TMA7,ENSG00000232112,3,48481667,48485616,TRUE,FALSE,FALSE,FALSE,FALSE,FALSE,FALSE,FALSE,TRUE,FALSE,FALSE
TMDD1,ENSG00000284730,12,52207705,52208709,FALSE,TRUE,FALSE,FALSE,FALSE,FALSE,FALSE,FALSE,FALSE,FALSE,FALSE
TMEM214,ENSG00000119777,2,27255778,27264562,TRUE,FALSE,FALSE,FALSE,FALSE,FALSE,FALSE,FALSE,FALSE,FALSE,FALSE
TMEM42,ENSG00000169964,3,44903396,44907162,TRUE,FALSE,FALSE,FALSE,FALSE,FALSE,FALSE,FALSE,TRUE,FALSE,FALSE
TNF,ENSG00000232810,6,31543342,31546113,TRUE,FALSE,FALSE,FALSE,FALSE,FALSE,FALSE,FALSE,TRUE,TRUE,FALSE
TNXB,ENSG00000168477,6,32008930,32083111,TRUE,FALSE,FALSE,FALSE,FALSE,FALSE,FALSE,FALSE,FALSE,FALSE,FALSE
TOPAZ1,ENSG00000173769,3,44283378,44373590,TRUE,FALSE,FALSE,FALSE,FALSE,FALSE,FALSE,FALSE,TRUE,TRUE,FALSE
TRAF3,ENSG00000131323,14,103243786,103377837,TRUE,FALSE,FALSE,FALSE,TRUE,FALSE,FALSE,FALSE,TRUE,FALSE,FALSE
TRAIP,ENSG00000183763,3,49866034,49894007,TRUE,FALSE,FALSE,FALSE,FALSE,FALSE,FALSE,FALSE,TRUE,TRUE,FALSE
TREX1,ENSG00000213689,3,48507210,48509044,TRUE,FALSE,FALSE,FALSE,FALSE,FALSE,FALSE,FALSE,TRUE,FALSE,FALSE
TSFM,ENSG00000123297,12,58176544,58201854,TRUE,FALSE,FALSE,FALSE,FALSE,FALSE,FALSE,TRUE,TRUE,TRUE,FALSE
TTC12,ENSG00000149292,11,113185301,113254266,TRUE,FALSE,TRUE,FALSE,FALSE,FALSE,FALSE,FALSE,TRUE,TRUE,FALSE
UBA7,ENSG00000182179,3,49842642,49851386,TRUE,FALSE,FALSE,FALSE,FALSE,FALSE,FALSE,FALSE,TRUE,FALSE,FALSE
UCN,ENSG00000163794,2,27530268,27531313,TRUE,FALSE,FALSE,FALSE,FALSE,FALSE,FALSE,FALSE,FALSE,FALSE,FALSE
UCN2,ENSG00000145040,3,48599151,48601214,TRUE,FALSE,FALSE,FALSE,FALSE,FALSE,FALSE,FALSE,TRUE,TRUE,FALSE
USP19,ENSG00000172046,3,49145479,49158371,TRUE,FALSE,FALSE,FALSE,FALSE,FALSE,FALSE,FALSE,TRUE,TRUE,FALSE
USP4,ENSG00000114316,3,49314577,49378145,TRUE,FALSE,FALSE,FALSE,FALSE,FALSE,FALSE,FALSE,TRUE,TRUE,FALSE
VARS1,ENSG00000204394,6,31745295,31763529,TRUE,FALSE,FALSE,FALSE,FALSE,FALSE,FALSE,FALSE,FALSE,FALSE,FALSE
VWA7,ENSG00000204396,6,31733367,31745105,TRUE,FALSE,FALSE,FALSE,FALSE,FALSE,FALSE,FALSE,FALSE,FALSE,FALSE
WDR6,ENSG00000178252,3,49044495,49053386,TRUE,FALSE,FALSE,FALSE,FALSE,FALSE,FALSE,FALSE,TRUE,TRUE,FALSE
WNT3,ENSG00000108379,17,44839872,44910520,FALSE,FALSE,FALSE,TRUE,FALSE,FALSE,FALSE,FALSE,FALSE,FALSE,FALSE
ZBTB12,ENSG00000204366,6,31867390,31869863,TRUE,FALSE,FALSE,FALSE,FALSE,FALSE,FALSE,FALSE,FALSE,FALSE,FALSE
ZCCHC7,ENSG00000147905,9,37120571,37358146,TRUE,FALSE,FALSE,FALSE,TRUE,FALSE,FALSE,FALSE,TRUE,TRUE,FALSE
ZDHHC3,ENSG00000163812,3,44956749,45017677,TRUE,FALSE,FALSE,FALSE,FALSE,FALSE,FALSE,FALSE,TRUE,FALSE,FALSE
ZFHX3,ENSG00000140836,16,72816784,73925770,TRUE,FALSE,FALSE,FALSE,TRUE,TRUE,FALSE,FALSE,FALSE,TRUE,TRUE
ZKSCAN7,ENSG00000196345,3,44596685,44635665,TRUE,FALSE,FALSE,FALSE,FALSE,FALSE,FALSE,FALSE,TRUE,TRUE,FALSE
ZNF197,ENSG00000186448,3,44626380,44689963,TRUE,FALSE,FALSE,FALSE,FALSE,FALSE,FALSE,FALSE,TRUE,TRUE,FALSE
ZNF322,ENSG00000181315,6,26634611,26659980,TRUE,FALSE,FALSE,FALSE,FALSE,FALSE,FALSE,FALSE,TRUE,TRUE,FALSE
ZNF35,ENSG00000169981,3,44690224,44702283,TRUE,FALSE,FALSE,FALSE,FALSE,FALSE,FALSE,FALSE,TRUE,TRUE,FALSE
ZNF445,ENSG00000185219,3,44473197,44519162,TRUE,FALSE,FALSE,FALSE,FALSE,FALSE,TRUE,FALSE,TRUE,TRUE,TRUE
ZNF501,ENSG00000186446,3,44771088,44778575,TRUE,FALSE,FALSE,FALSE,FALSE,FALSE,FALSE,FALSE,TRUE,FALSE,FALSE
ZNF502,ENSG00000196653,3,44754135,44765323,TRUE,FALSE,FALSE,FALSE,FALSE,FALSE,FALSE,FALSE,TRUE,FALSE,FALSE
ZNF513,ENSG00000163795,2,27600102,27603657,TRUE,FALSE,FALSE,FALSE,FALSE,FALSE,FALSE,FALSE,FALSE,FALSE,FALSE
ZNF660,ENSG00000144792,3,44619715,44641186,TRUE,FALSE,FALSE,FALSE,FALSE,FALSE,FALSE,FALSE,TRUE,TRUE,FALSE
ZNF852,ENSG00000178917,3,44536339,44552128,TRUE,FALSE,FALSE,FALSE,FALSE,FALSE,FALSE,FALSE,TRUE,TRUE,FALSE
ZSWIM8,ENSG00000214655,10,75545364,75561555,TRUE,FALSE,FALSE,FALSE,FALSE,FALSE,FALSE,FALSE,FALSE,FALSE,FALSE
